path,project_name,github_url
data/awesome/abseil-cpp,abseil-cpp,https://github.com/abseil/abseil-cpp
data/awesome/Acid,Acid,https://github.com/Equilibrium-Games/Acid
data/awesome/actor-framework,actor-framework,https://github.com/actor-framework/actor-framework
data/awesome/ada,ada,https://github.com/ada-url/ada
data/awesome/alpaka,alpaka,https://github.com/ComputationalRadiationPhysics/alpaka
data/awesome/amgcl,amgcl,https://github.com/ddemidov/amgcl
data/awesome/AmplitudeAudioSDK,AmplitudeAudioSDK,https://github.com/SparkyStudios/AmplitudeAudioSDK
data/awesome/ANNetGPGPU,ANNetGPGPU,https://github.com/ANNetGPGPU/ANNetGPGPU
data/awesome/apophenia,apophenia,https://github.com/b-k/apophenia
data/awesome/argh,argh,https://github.com/adishavit/argh
data/awesome/argparse,argparse,https://github.com/p-ranav/argparse
data/awesome/args,args,https://github.com/taywee/args
data/awesome/arrayfire,arrayfire,https://github.com/arrayfire/arrayfire
data/awesome/asio,asio,https://github.com/boostorg/asio
data/awesome/assimp,assimp,https://github.com/assimp/assimp
data/awesome/asyncplusplus,asyncplusplus,https://github.com/Amanieu/asyncplusplus
data/awesome/au,au,https://github.com/aurora-opensource/au
data/awesome/AudioFile,AudioFile,https://github.com/adamstark/AudioFile
data/awesome/autodiff,autodiff,https://github.com/autodiff/autodiff
data/awesome/axmol,axmol,https://github.com/axmolengine/axmol
data/awesome/backward-cpp,backward-cpp,https://github.com/bombela/backward-cpp
data/awesome/bde,bde,https://github.com/bloomberg/bde
data/awesome/bdwgc,bdwgc,https://github.com/ivmai/bdwgc
data/awesome/beast,beast,https://github.com/boostorg/beast
data/awesome/benchmark,benchmark,https://github.com/google/benchmark
data/awesome/bgfx,bgfx,https://github.com/bkaradzic/bgfx
data/awesome/bit7z,bit7z,https://github.com/rikyoz/bit7z
data/awesome/BitmapPlusPlus,BitmapPlusPlus,https://github.com/baderouaich/BitmapPlusPlus
data/awesome/bitsery,bitsery,https://github.com/fraillt/bitsery
data/awesome/blackhole,blackhole,https://github.com/3Hren/blackhole
data/awesome/blend2d,blend2d,https://github.com/blend2d/blend2d
data/awesome/boden,boden,https://github.com/AshampooSystems/boden
data/awesome/Bolt,Bolt,https://github.com/HSA-Libraries/Bolt
data/awesome/bond,bond,https://github.com/Microsoft/bond
data/awesome/Box2D,Box2D,https://github.com/erincatto/Box2D
data/awesome/Breep,Breep,https://github.com/Organic-Code/Breep
data/awesome/brotli,brotli,https://github.com/google/brotli
data/awesome/brpc,brpc,https://github.com/apache/brpc
data/awesome/buddy_alloc,buddy_alloc,https://github.com/spaskalev/buddy_alloc
data/awesome/bullet3,bullet3,https://github.com/bulletphysics/bullet3
data/awesome/bzip3,bzip3,https://github.com/kspalaiologos/bzip3
data/awesome/capnproto,capnproto,https://github.com/capnproto/capnproto
data/awesome/c-ares,c-ares,https://github.com/c-ares/c-ares
data/awesome/carp,carp,https://github.com/tekknolagi/carp
data/awesome/catboost,catboost,https://github.com/catboost/catboost
data/awesome/Catch2,Catch2,https://github.com/catchorg/Catch2
data/awesome/cctz,cctz,https://github.com/google/cctz
data/awesome/ccv,ccv,https://github.com/liuliu/ccv
data/awesome/Celero,Celero,https://github.com/DigitalInBlue/Celero
data/awesome/cereal,cereal,https://github.com/USCiLab/cereal
data/awesome/cgal,cgal,https://github.com/CGAL/cgal
data/awesome/CGraph,CGraph,https://github.com/ChunelFeng/CGraph
data/awesome/ChaiScript,ChaiScript,https://github.com/ChaiScript/ChaiScript
data/awesome/ChakraCore,ChakraCore,https://github.com/Microsoft/ChakraCore
data/awesome/check,check,https://github.com/danmar/cppcheck
data/awesome/Chipmunk2D,Chipmunk2D,https://github.com/slembcke/Chipmunk2D
data/awesome/chrono,chrono,https://github.com/projectchrono/chrono
data/awesome/cista,cista,https://github.com/felixguendling/cista
data/awesome/cJSON,cJSON,https://github.com/DaveGamble/cJSON
data/awesome/ck,ck,https://github.com/concurrencykit/ck
data/awesome/cli,cli,https://github.com/daniele77/cli
data/awesome/CLI11,CLI11,https://github.com/CLIUtils/CLI11
data/awesome/clib,clib,https://github.com/clibs/clib
data/awesome/clickhouse-cpp,clickhouse-cpp,https://github.com/ClickHouse/clickhouse-cpp
data/awesome/clipp,clipp,https://github.com/muellan/clipp
data/awesome/clReflect,clReflect,https://github.com/Celtoys/clReflect
data/awesome/cnl,cnl,https://github.com/johnmcfarlane/cnl
data/awesome/CNTK,CNTK,https://github.com/Microsoft/CNTK
data/awesome/commata,commata,https://github.com/furfurylic/commata
data/awesome/compile-time-regular-expressions,compile-time-regular-expressions,https://github.com/hanickadot/compile-time-regular-expressions
data/awesome/compute,compute,https://github.com/boostorg/compute
data/awesome/concord,concord,https://github.com/Cogmasters/concord
data/awesome/concurrencpp,concurrencpp,https://github.com/David-Haim/concurrencpp
data/awesome/concurrentqueue,concurrentqueue,https://github.com/cameron314/concurrentqueue
data/awesome/config-loader,config-loader,https://github.com/netcan/config-loader
data/awesome/coost,coost,https://github.com/idealvin/coost
data/awesome/Corange,Corange,https://github.com/orangeduck/Corange
data/awesome/cpgf,cpgf,https://github.com/cpgf/cpgf
data/awesome/CppBenchmark,CppBenchmark,https://github.com/chronoxor/CppBenchmark
data/awesome/cpp-btree,cpp-btree,https://github.com/algorithm-ninja/cpp-btree
data/awesome/cpp-channel,cpp-channel,https://github.com/andreiavrammsd/cpp-channel
data/awesome/cppcheck,cppcheck,https://github.com/danmar/cppcheck
data/awesome/cppcodec,cppcodec,https://github.com/tplgy/cppcodec
data/awesome/cpp-dependencies,cpp-dependencies,https://github.com/tomtom-international/cpp-dependencies
data/awesome/cpp-dump,cpp-dump,https://github.com/philip82148/cpp-dump
data/awesome/cpp-httplib,cpp-httplib,https://github.com/yhirose/cpp-httplib
data/awesome/cppimport,cppimport,https://github.com/tbenthompson/cppimport
data/awesome/cppitertools,cppitertools,https://github.com/ryanhaining/cppitertools
data/awesome/cpp-lazy,cpp-lazy,https://github.com/MarcDirven/cpp-lazy
data/awesome/cpplint,cpplint,https://github.com/cpplint/cpplint
data/awesome/cpp.react,cpp.react,https://github.com/schlangster/cpp.react
data/awesome/CPP-Reflection,CPP-Reflection,https://github.com/AustinBrunkhorst/CPP-Reflection
data/awesome/cpprestsdk,cpprestsdk,https://github.com/Microsoft/cpprestsdk
data/awesome/cpp-rotor,cpp-rotor,https://github.com/basiliscos/cpp-rotor
data/awesome/CppServer,CppServer,https://github.com/chronoxor/CppServer
data/awesome/CppSharp,CppSharp,https://github.com/mono/CppSharp
data/awesome/cpp-sort,cpp-sort,https://github.com/ryanmjacobs/c
data/awesome/cpp-terminal,cpp-terminal,https://github.com/jupyter-xeus/cpp-terminal
data/awesome/cpp-TimSort,cpp-TimSort,https://github.com/gfx/cpp-TimSort
data/awesome/cpptrace,cpptrace,https://github.com/jeremy-rifkin/cpptrace
data/awesome/cpputest,cpputest,https://github.com/cpputest/cpputest
data/awesome/CppVerbalExpressions,CppVerbalExpressions,https://github.com/VerbalExpressions/CppVerbalExpressions
data/awesome/cpr,cpr,https://github.com/whoshuu/cpr
data/awesome/cquery,cquery,https://github.com/cquery-project/cquery
data/awesome/CRCpp,CRCpp,https://github.com/d-bahr/CRCpp
data/awesome/Crow,Crow,https://github.com/CrowCpp/Crow
data/awesome/crown,crown,https://github.com/dbartolini/crown
data/awesome/cryptopp,cryptopp,https://github.com/weidai11/cryptopp
data/awesome/CSerialPort,CSerialPort,https://github.com/itas109/CSerialPort
data/awesome/cspice,cspice,https://github.com/arturania/cspice
data/awesome/csv2,csv2,https://github.com/p-ranav/csv2
data/awesome/csv-parser,csv-parser,https://github.com/vincentlaucsb/csv-parser
data/awesome/ctypes.sh,ctypes.sh,https://github.com/taviso/ctypes.sh
data/awesome/cub,cub,https://github.com/NVlabs/cub
data/awesome/cuda-api-wrappers,cuda-api-wrappers,https://github.com/eyalroz/cuda-api-wrappers
data/awesome/cupla,cupla,https://github.com/ComputationalRadiationPhysics/cupla
data/awesome/curlcpp,curlcpp,https://github.com/JosephP91/curlcpp
data/awesome/cutelyst,cutelyst,https://github.com/cutelyst/cutelyst
data/awesome/CXXGraph,CXXGraph,https://github.com/ZigRazor/CXXGraph
data/awesome/cxxopts,cxxopts,https://github.com/jarro2783/cxxopts
data/awesome/cython,cython,https://github.com/cython/cython
data/awesome/darknet,darknet,https://github.com/pjreddie/darknet
data/awesome/date,date,https://github.com/HowardHinnant/date
data/awesome/daw_json_link,daw_json_link,https://github.com/beached/daw_json_link
data/awesome/dbg-macro,dbg-macro,https://github.com/sharkdp/dbg-macro
data/awesome/DebugViewPP,DebugViewPP,https://github.com/CobaltFusion/DebugViewPP
data/awesome/dht,dht,https://github.com/jech/dht
data/awesome/DiligentEngine,DiligentEngine,https://github.com/DiligentGraphics/DiligentEngine
data/awesome/DirectXMath,DirectXMath,https://github.com/microsoft/DirectXMath
data/awesome/DirectXTK,DirectXTK,https://github.com/Microsoft/DirectXTK
data/awesome/dlib,dlib,https://github.com/davisking/dlib
data/awesome/docopt.cpp,docopt.cpp,https://github.com/docopt/docopt.cpp
data/awesome/doctest,doctest,https://github.com/onqtam/doctest
data/awesome/doxide,doxide,https://github.com/lawmurray/doxide
data/awesome/doxygen,doxygen,https://github.com/doxygen/doxygen
data/awesome/doxyrest,doxyrest,https://github.com/vovkos/doxyrest
data/awesome/dpdk,dpdk,https://github.com/DPDK/dpdk
data/awesome/DPP,DPP,https://github.com/brainboxdotcc/DPP
data/awesome/drogon,drogon,https://github.com/an-tao/drogon
data/awesome/DSPFilters,DSPFilters,https://github.com/vinniefalco/DSPFilters
data/awesome/DuckX,DuckX,https://github.com/amiremohamadi/DuckX
data/awesome/duktape,duktape,https://github.com/svaarala/duktape
data/awesome/dynamic_bitset,dynamic_bitset,https://github.com/pinam45/dynamic_bitset
data/awesome/dynamix,dynamix,https://github.com/iboB/dynamix
data/awesome/EASTL,EASTL,https://github.com/electronicarts/EASTL
data/awesome/easyloggingpp,easyloggingpp,https://github.com/amrayn/easyloggingpp
data/awesome/easy_reflection_cpp,easy_reflection_cpp,https://github.com/chocolacula/easy_reflection_cpp
data/awesome/ecal,ecal,https://github.com/continental/ecal
data/awesome/emio,emio,https://github.com/Viatorus/emio
data/awesome/enet,enet,https://github.com/lsalzman/enet
data/awesome/etl,etl,https://github.com/ETLCPP/etl
data/awesome/evpp,evpp,https://github.com/Qihoo360/evpp
data/awesome/ezEngine,ezEngine,https://github.com/ezEngine/ezEngine
data/awesome/faiss,faiss,https://github.com/facebookresearch/faiss
data/awesome/FakeIt,FakeIt,https://github.com/eranpeer/FakeIt
data/awesome/faker-cxx,faker-cxx,https://github.com/cieslarmichal/faker-cxx
data/awesome/FastBinaryEncoding,FastBinaryEncoding,https://github.com/chronoxor/FastBinaryEncoding
data/awesome/fast_io,fast_io,https://github.com/cppfastio/fast_io
data/awesome/fccf,fccf,https://github.com/p-ranav/fccf
data/awesome/ffead-cpp,ffead-cpp,https://github.com/sumeetchhetri/ffead-cpp
data/awesome/fff,fff,https://github.com/meekrosoft/fff
data/awesome/FiberTaskingLib,FiberTaskingLib,https://github.com/RichieSams/FiberTaskingLib
data/awesome/Fido,Fido,https://github.com/FidoProject/Fido
data/awesome/finalcut,finalcut,https://github.com/gansm/finalcut
data/awesome/FiniteStateEntropy,FiniteStateEntropy,https://github.com/Cyan4973/FiniteStateEntropy
data/awesome/fixed-containers,fixed-containers,https://github.com/teslamotors/fixed-containers
data/awesome/flashlight,flashlight,https://github.com/facebookresearch/flashlight
data/awesome/flatbuffers,flatbuffers,https://github.com/google/flatbuffers
data/awesome/fmt,fmt,https://github.com/fmtlib/fmt
data/awesome/fmtlog,fmtlog,https://github.com/MengRao/fmtlog
data/awesome/folly,folly,https://github.com/facebook/folly
data/awesome/fpng,fpng,https://github.com/richgel999/fpng
data/awesome/frozen,frozen,https://github.com/cesanta/frozen
data/awesome/frugally-deep,frugally-deep,https://github.com/Dobiasd/frugally-deep
data/awesome/ftpclient-cpp,ftpclient-cpp,https://github.com/embeddedmz/ftpclient-cpp
data/awesome/FTXUI,FTXUI,https://github.com/ArthurSonzogni/FTXUI
data/awesome/FunctionalPlus,FunctionalPlus,https://github.com/Dobiasd/FunctionalPlus
data/awesome/g3log,g3log,https://github.com/KjellKod/g3log
data/awesome/GamePlay,GamePlay,https://github.com/gameplay3d/GamePlay
data/awesome/ggml,ggml,https://github.com/ggerganov/ggml
data/awesome/gil,gil,https://github.com/boostorg/gil
data/awesome/glaze,glaze,https://github.com/stephenberry/glaze
data/awesome/glfw,glfw,https://github.com/glfw/glfw
data/awesome/glfwpp,glfwpp,https://github.com/janekb04/glfwpp
data/awesome/glm,glm,https://github.com/g-truc/glm
data/awesome/glog,glog,https://github.com/google/glog
data/awesome/googletest,googletest,https://github.com/google/googletest
data/awesome/graaf,graaf,https://github.com/bobluppes/graaf
data/awesome/grit-engine,grit-engine,https://github.com/grit-engine/grit-engine
data/awesome/gromacs,gromacs,https://github.com/gromacs/gromacs
data/awesome/grpc,grpc,https://github.com/grpc/grpc
data/awesome/GTS-GamesTaskScheduler,GTS-GamesTaskScheduler,https://github.com/GameTechDev/GTS-GamesTaskScheduler
data/awesome/h2o,h2o,https://github.com/h2o/h2o
data/awesome/haclog,haclog,https://github.com/MuggleWei/haclog
data/awesome/halley,halley,https://github.com/amzeratul/halley
data/awesome/hana-cppnow-2015,hana-cppnow-2015,https://github.com/ldionne/hana-cppnow-2015
data/awesome/happly,happly,https://github.com/nmwsharp/happly
data/awesome/harfang3d,harfang3d,https://github.com/harfang3d/harfang3d
data/awesome/harfbuzz,harfbuzz,https://github.com/harfbuzz/harfbuzz
data/awesome/hashmap,hashmap,https://github.com/goossaert/hashmap
data/awesome/hat-trie,hat-trie,https://github.com/Tessil/hat-trie
data/awesome/hdoc,hdoc,https://github.com/hdoc/hdoc
data/awesome/heatshrink,heatshrink,https://github.com/atomicobject/heatshrink
data/awesome/hedley,hedley,https://github.com/nemequ/hedley
data/awesome/HEhub,HEhub,https://github.com/primihub/HEhub
data/awesome/hiberlite,hiberlite,https://github.com/paulftw/hiberlite
data/awesome/hiredis,hiredis,https://github.com/redis/hiredis
data/awesome/Hoard,Hoard,https://github.com/emeryberger/Hoard
data/awesome/hopscotch-map,hopscotch-map,https://github.com/Tessil/hopscotch-map
data/awesome/Horde3D,Horde3D,https://github.com/horde3d/Horde3D
data/awesome/hpx,hpx,https://github.com/STEllAR-GROUP/hpx
data/awesome/http-parser,http-parser,https://github.com/nodejs/http-parser
data/awesome/hyperscan,hyperscan,https://github.com/intel/hyperscan
data/awesome/ice,ice,https://github.com/zeroc-ice/ice
data/awesome/icecream-cpp,icecream-cpp,https://github.com/renatoGarcia/icecream-cpp
data/awesome/iceoryx,iceoryx,https://github.com/eclipse-iceoryx/iceoryx
data/awesome/ichor,ichor,https://github.com/volt-software/ichor
data/awesome/iguana,iguana,https://github.com/qicosmos/iguana
data/awesome/iir1,iir1,https://github.com/berndporr/iir1
data/awesome/ikos,ikos,https://github.com/NASA-SW-VnV/ikos
data/awesome/imgui,imgui,https://github.com/ocornut/imgui
data/awesome/imtui,imtui,https://github.com/ggerganov/imtui
data/awesome/incubator-kvrocks,incubator-kvrocks,https://github.com/apache/incubator-kvrocks
data/awesome/incubator-mxnet,incubator-mxnet,https://github.com/apache/incubator-mxnet
data/awesome/indicators,indicators,https://github.com/p-ranav/indicators
data/awesome/infer,infer,https://github.com/facebook/infer
data/awesome/infinity,infinity,https://github.com/infiniflow/infinity
data/awesome/ini-cpp,ini-cpp,https://github.com/SSARCandy/ini-cpp
data/awesome/inifile-cpp,inifile-cpp,https://github.com/Rookfighter/inifile-cpp
data/awesome/inih,inih,https://github.com/jtilly/inih
data/awesome/iniparser,iniparser,https://github.com/ndevilla/iniparser
data/awesome/inipp,inipp,https://github.com/mcmtroffaes/inipp
data/awesome/inja,inja,https://github.com/pantor/inja
data/awesome/interprocess,interprocess,https://github.com/boostorg/interprocess
data/awesome/ion,ion,https://github.com/google/ion
data/awesome/itlib,itlib,https://github.com/iboB/itlib
data/awesome/jansson,jansson,https://github.com/akheron/jansson
data/awesome/jbson,jbson,https://github.com/chrismanning/jbson
data/awesome/jeayeson,jeayeson,https://github.com/jeaye/jeayeson
data/awesome/jemalloc,jemalloc,https://github.com/jemalloc/jemalloc
data/awesome/Jinja2Cpp,Jinja2Cpp,https://github.com/jinja2cpp/Jinja2Cpp
data/awesome/jngl,jngl,https://github.com/jhasse/jngl
data/awesome/JoltPhysics,JoltPhysics,https://github.com/jrouwe/JoltPhysics
data/awesome/jsmn,jsmn,https://github.com/zserge/jsmn
data/awesome/json,json,https://github.com/taocpp/json
data/awesome/json11,json11,https://github.com/dropbox/json11
data/awesome/json-c,json-c,https://github.com/json-c/json-c
data/awesome/jsoncons,jsoncons,https://github.com/danielaparker/jsoncons
data/awesome/jsoncpp,jsoncpp,https://github.com/open-source-parsers/jsoncpp
data/awesome/Jsonifier,Jsonifier,https://github.com/RealTimeChris/Jsonifier
data/awesome/json-parser,json-parser,https://github.com/udp/json-parser
data/awesome/json_struct,json_struct,https://github.com/jorgen/json_struct
data/awesome/json-voorhees,json-voorhees,https://github.com/tgockel/json-voorhees
data/awesome/jsonxx,jsonxx,https://github.com/hjiang/jsonxx
data/awesome/JUCE,JUCE,https://github.com/julianstorer/JUCE
data/awesome/junction,junction,https://github.com/preshing/junction
data/awesome/jwt-cpp,jwt-cpp,https://github.com/Thalhammer/jwt-cpp
data/awesome/kaldi,kaldi,https://github.com/kaldi-asr/kaldi
data/awesome/kangaru,kangaru,https://github.com/gracicot/kangaru
data/awesome/kanzi-cpp,kanzi-cpp,https://github.com/flanglet/kanzi-cpp
data/awesome/kigs,kigs,https://github.com/Kigs-framework/kigs
data/awesome/kissfft,kissfft,https://github.com/mborgerding/kissfft
data/awesome/KlayGE,KlayGE,https://github.com/gongminmin/KlayGE
data/awesome/klein,klein,https://github.com/jeremyong/klein
data/awesome/kokkos,kokkos,https://github.com/kokkos/kokkos
data/awesome/Kratos,Kratos,https://github.com/KratosMultiphysics/Kratos
data/awesome/lammps,lammps,https://github.com/lammps/lammps
data/awesome/lazycsv,lazycsv,https://github.com/ashtum/lazycsv
data/awesome/leptonica,leptonica,https://github.com/DanBloomberg/leptonica
data/awesome/libarchive,libarchive,https://github.com/libarchive/libarchive
data/awesome/libass,libass,https://github.com/libass/libass
data/awesome/libassert,libassert,https://github.com/jeremy-rifkin/libassert
data/awesome/libav,libav,https://github.com/libav/libav
data/awesome/libavif,libavif,https://github.com/AOMediaCodec/libavif
data/awesome/libbson,libbson,https://github.com/mongodb/libbson
data/awesome/libcds,libcds,https://github.com/khizmax/libcds
data/awesome/libclsph,libclsph,https://github.com/libclsph/libclsph
data/awesome/libconfig,libconfig,https://github.com/hyperrealm/libconfig
data/awesome/libconfuse,libconfuse,https://github.com/martinh/libconfuse
data/awesome/libcpuid,libcpuid,https://github.com/anrieff/libcpuid
data/awesome/libcsptr,libcsptr,https://github.com/Snaipe/libcsptr
data/awesome/libdill,libdill,https://github.com/sustrik/libdill
data/awesome/libenvpp,libenvpp,https://github.com/ph3at/libenvpp
data/awesome/libevil,libevil,https://github.com/avati/libevil
data/awesome/libffi,libffi,https://github.com/libffi/libffi
data/awesome/libfork,libfork,https://github.com/ConorWilliams/libfork
data/awesome/libgd,libgd,https://github.com/libgd/libgd
data/awesome/libharu,libharu,https://github.com/libharu/libharu
data/awesome/libhttpserver,libhttpserver,https://github.com/etr/libhttpserver
data/awesome/libhv,libhv,https://github.com/ithewei/libhv
data/awesome/libhydrogen,libhydrogen,https://github.com/jedisct1/libhydrogen
data/awesome/libigl,libigl,https://github.com/libigl/libigl
data/awesome/libjson,libjson,https://github.com/vincenthz/libjson
data/awesome/libjson-rpc-cpp,libjson-rpc-cpp,https://github.com/cinemast/libjson-rpc-cpp
data/awesome/libmill,libmill,https://github.com/sustrik/libmill
data/awesome/libnih,libnih,https://github.com/keybuk/libnih
data/awesome/libpcap,libpcap,https://github.com/the-tcpdump-group/libpcap
data/awesome/libpg_query,libpg_query,https://github.com/pganalyze/libpg_query
data/awesome/libphenom,libphenom,https://github.com/facebook/libphenom
data/awesome/libpng,libpng,https://github.com/pnggroup/libpng
data/awesome/libpqxx,libpqxx,https://github.com/jtv/libpqxx
data/awesome/libquic,libquic,https://github.com/devsisters/libquic
data/awesome/librdkafka,librdkafka,https://github.com/edenhill/librdkafka
data/awesome/libschrift,libschrift,https://github.com/tomolt/libschrift
data/awesome/libserial,libserial,https://github.com/crayzeewulf/libserial
data/awesome/libsigcplusplus,libsigcplusplus,https://github.com/libsigcplusplus/libsigcplusplus
data/awesome/libsndfile,libsndfile,https://github.com/erikd/libsndfile
data/awesome/libsodium,libsodium,https://github.com/jedisct1/libsodium
data/awesome/libsourcey,libsourcey,https://github.com/sourcey/libsourcey
data/awesome/libspng,libspng,https://github.com/randy408/libspng
data/awesome/libsvm,libsvm,https://github.com/cjlin1/libsvm
data/awesome/libtap,libtap,https://github.com/zorgnax/libtap
data/awesome/libtomcrypt,libtomcrypt,https://github.com/libtom/libtomcrypt
data/awesome/libtommath,libtommath,https://github.com/libtom/libtommath
data/awesome/libtorrent,libtorrent,https://github.com/rakshasa/libtorrent
data/awesome/libu,libu,https://github.com/koanlogic/libu
data/awesome/libucl,libucl,https://github.com/vstakhov/libucl
data/awesome/libutp,libutp,https://github.com/bittorrent/libutp
data/awesome/libuv,libuv,https://github.com/libuv/libuv
data/awesome/libvips,libvips,https://github.com/jcupitt/libvips
data/awesome/libwebsockets,libwebsockets,https://github.com/warmcat/libwebsockets
data/awesome/libxls,libxls,https://github.com/libxls/libxls
data/awesome/libxlsxwriter,libxlsxwriter,https://github.com/jmcnamara/libxlsxwriter
data/awesome/libxutils,libxutils,https://github.com/kala13x/libxutils
data/awesome/libzmq,libzmq,https://github.com/zeromq/libzmq
data/awesome/linenoise,linenoise,https://github.com/antirez/linenoise
data/awesome/linenoise-ng,linenoise-ng,https://github.com/arangodb/linenoise-ng
data/awesome/liquidfun,liquidfun,https://github.com/google/liquidfun
data/awesome/LLGL,LLGL,https://github.com/LukasBanana/LLGL
data/awesome/lmdbxx,lmdbxx,https://github.com/bendiken/lmdbxx
data/awesome/lodepng,lodepng,https://github.com/lvandeve/lodepng
data/awesome/log,log,https://github.com/boostorg/log
data/awesome/log4cplus,log4cplus,https://github.com/log4cplus/log4cplus
data/awesome/loguru,loguru,https://github.com/emilk/loguru
data/awesome/LSHBOX,LSHBOX,https://github.com/RSIA-LIESMARS-WHU/LSHBOX
data/awesome/LuaBridge,LuaBridge,https://github.com/vinniefalco/LuaBridge
data/awesome/LuaBridge3,LuaBridge3,https://github.com/kunitoki/LuaBridge3
data/awesome/luacxx,luacxx,https://github.com/dafrito/luacxx
data/awesome/lunasvg,lunasvg,https://github.com/sammycage/lunasvg
data/awesome/lwlog,lwlog,https://github.com/ChristianPanov/lwlog
data/awesome/Lyra,Lyra,https://github.com/bfgroup/Lyra
data/awesome/lz4,lz4,https://github.com/lz4/lz4
data/awesome/lzfse,lzfse,https://github.com/lzfse/lzfse
data/awesome/m2cgen,m2cgen,https://github.com/BayesWitnesses/m2cgen
data/awesome/Mach7,Mach7,https://github.com/solodon4/Mach7
data/awesome/madness,madness,https://github.com/m-a-d-n-e-s-s/madness
data/awesome/magic_enum,magic_enum,https://github.com/Neargye/magic_enum
data/awesome/magic_get,magic_get,https://github.com/apolukhin/magic_get
data/awesome/magnum,magnum,https://github.com/mosra/magnum
data/awesome/mailio,mailio,https://github.com/karastojko/mailio
data/awesome/marl,marl,https://github.com/google/marl
data/awesome/matplotplusplus,matplotplusplus,https://github.com/alandefreitas/matplotplusplus
data/awesome/MatX,MatX,https://github.com/NVIDIA/MatX
data/awesome/Maximilian,Maximilian,https://github.com/micknoise/Maximilian
data/awesome/mbedtls,mbedtls,https://github.com/ARMmbed/mbedtls
data/awesome/MediaInfoLib,MediaInfoLib,https://github.com/MediaArea/MediaInfoLib
data/awesome/memory,memory,https://github.com/foonathan/memory
data/awesome/memory-allocators,memory-allocators,https://github.com/mtrebi/memory-allocators
data/awesome/meta,meta,https://github.com/skypjack/meta
data/awesome/mgclient,mgclient,https://github.com/memgraph/mgclient
data/awesome/micro-gl,micro-gl,https://github.com/micro-gl/micro-gl
data/awesome/microprofile,microprofile,https://github.com/jonasmr/microprofile
data/awesome/micropython,micropython,https://github.com/micropython/micropython
data/awesome/MiLi,MiLi,https://github.com/MariadeAnton/MiLi
data/awesome/mimalloc,mimalloc,https://github.com/microsoft/mimalloc
data/awesome/minerva,minerva,https://github.com/dmlc/minerva
data/awesome/miniz,miniz,https://github.com/richgel999/miniz
data/awesome/minizip,minizip,https://github.com/nmoinvaz/minizip
data/awesome/minizip-ng,minizip-ng,https://github.com/zlib-ng/minizip-ng
data/awesome/minunit,minunit,https://github.com/siu/minunit
data/awesome/mio,mio,https://github.com/mandreyel/mio
data/awesome/mlpack,mlpack,https://github.com/mlpack/mlpack
data/awesome/moderngpu,moderngpu,https://github.com/moderngpu/moderngpu
data/awesome/mongo-c-driver,mongo-c-driver,https://github.com/mongodb/mongo-c-driver
data/awesome/mongo-cxx-driver,mongo-cxx-driver,https://github.com/mongodb/mongo-cxx-driver
data/awesome/mpqc,mpqc,https://github.com/ValeevGroup/mpqc
data/awesome/MQTT-C,MQTT-C,https://github.com/LiamBindle/MQTT-C
data/awesome/mrpt,mrpt,https://github.com/mrpt/mrpt
data/awesome/mtcp,mtcp,https://github.com/mtcp-stack/mtcp
data/awesome/muduo,muduo,https://github.com/chenshuo/muduo
data/awesome/multiprecision,multiprecision,https://github.com/boostorg/multiprecision
data/awesome/mxml,mxml,https://github.com/michaelrsweet/mxml
data/awesome/mygui,mygui,https://github.com/MyGUI/mygui
data/awesome/nameof,nameof,https://github.com/Neargye/nameof
data/awesome/nanobench,nanobench,https://github.com/martinus/nanobench
data/awesome/nanodbc,nanodbc,https://github.com/nanodbc/nanodbc
data/awesome/nanogui,nanogui,https://github.com/mitsuba-renderer/nanogui
data/awesome/nanomsg,nanomsg,https://github.com/nanomsg/nanomsg
data/awesome/nanopb,nanopb,https://github.com/nanopb/nanopb
data/awesome/nccl,nccl,https://github.com/NVIDIA/nccl
data/awesome/nCine,nCine,https://github.com/nCine/nCine
data/awesome/ncnn,ncnn,https://github.com/Tencent/ncnn
data/awesome/newton-dynamics,newton-dynamics,https://github.com/MADEAPPS/newton-dynamics
data/awesome/nghttp2,nghttp2,https://github.com/nghttp2/nghttp2
data/awesome/nghttp3,nghttp3,https://github.com/ngtcp2/nghttp3
data/awesome/ni-media,ni-media,https://github.com/NativeInstruments/ni-media
data/awesome/nng,nng,https://github.com/nanomsg/nng
data/awesome/Nuklear,Nuklear,https://github.com/Immediate-Mode-UI/Nuklear
data/awesome/NumCpp,NumCpp,https://github.com/dpilger26/NumCpp
data/awesome/o3de,o3de,https://github.com/o3de/o3de
data/awesome/oclint,oclint,https://github.com/oclint/oclint
data/awesome/ofxBox2d,ofxBox2d,https://github.com/vanderlin/ofxBox2d
data/awesome/ogre,ogre,https://github.com/OGRECave
data/awesome/oiio,oiio,https://github.com/OpenImageIO/oiio
data/awesome/oneDAL,oneDAL,https://github.com/oneapi-src/oneDAL
data/awesome/oneDNN,oneDNN,https://github.com/oneapi-src/oneDNN
data/awesome/oniguruma,oniguruma,https://github.com/kkos/oniguruma
data/awesome/onion,onion,https://github.com/davidmoreno/onion
data/awesome/onnxruntime,onnxruntime,https://github.com/microsoft/onnxruntime
data/awesome/OpenBLAS,OpenBLAS,https://github.com/xianyi/OpenBLAS
data/awesome/opencv,opencv,https://github.com/Itseez/opencv
data/awesome/openjpeg,openjpeg,https://github.com/uclouvain/openjpeg
data/awesome/openssl,openssl,https://github.com/openssl/openssl
data/awesome/OpenSubdiv,OpenSubdiv,https://github.com/PixarAnimationStudios/OpenSubdiv
data/awesome/open-watcom-v2,open-watcom-v2,https://github.com/ryanmjacobs/c
data/awesome/OpenXLSX,OpenXLSX,https://github.com/troldal/OpenXLSX
data/awesome/otfcc,otfcc,https://github.com/caryll/otfcc
data/awesome/panda3d,panda3d,https://github.com/panda3d/panda3d
data/awesome/parallel-hashmap,parallel-hashmap,https://github.com/greg7mdp/parallel-hashmap
data/awesome/parallelstl,parallelstl,https://github.com/intel/parallelstl
data/awesome/parson,parson,https://github.com/kgabis/parson
data/awesome/partio,partio,https://github.com/wdas/partio
data/awesome/PcapPlusPlus,PcapPlusPlus,https://github.com/seladb/PcapPlusPlus
data/awesome/pcl,pcl,https://github.com/PointCloudLibrary/pcl
data/awesome/PDCurses,PDCurses,https://github.com/wmcbrine/PDCurses
data/awesome/pdfio,pdfio,https://github.com/michaelrsweet/pdfio
data/awesome/PDF-Writer,PDF-Writer,https://github.com/galkahana/PDF-Writer
data/awesome/PEGTL,PEGTL,https://github.com/taocpp/PEGTL
data/awesome/PF_RING,PF_RING,https://github.com/ntop/PF_RING
data/awesome/PGM-index,PGM-index,https://github.com/gvinciguerra/PGM-index
data/awesome/phc-winner-argon2,phc-winner-argon2,https://github.com/P-H-C/phc-winner-argon2
data/awesome/PHP-CPP,PHP-CPP,https://github.com/CopernicaMarketingSoftware/PHP-CPP
data/awesome/PhysX-3.4,PhysX-3.4,https://github.com/NVIDIAGameWorks/PhysX-3.4
data/awesome/picohttpparser,picohttpparser,https://github.com/h2o/picohttpparser
data/awesome/picojson,picojson,https://github.com/kazuho/picojson
data/awesome/pire,pire,https://github.com/yandex/pire
data/awesome/PlayRho,PlayRho,https://github.com/louis-langholtz/PlayRho
data/awesome/plog,plog,https://github.com/SergiusTheBest/plog
data/awesome/pocketpy,pocketpy,https://github.com/blueloveTH/pocketpy
data/awesome/poco,poco,https://github.com/pocoproject
data/awesome/Polycode,Polycode,https://github.com/ivansafrin/Polycode
data/awesome/ponder,ponder,https://github.com/billyquith/ponder
data/awesome/popl,popl,https://github.com/badaix/popl
data/awesome/pprint,pprint,https://github.com/p-ranav/pprint
data/awesome/precice,precice,https://github.com/precice/precice
data/awesome/program_options,program_options,https://github.com/boostorg/program_options
data/awesome/promise-cpp,promise-cpp,https://github.com/xhawk18/promise-cpp
data/awesome/property_tree,property_tree,https://github.com/boostorg/property_tree
data/awesome/protobuf,protobuf,https://github.com/protocolbuffers/protobuf
data/awesome/protobuf-c,protobuf-c,https://github.com/protobuf-c/protobuf-c
data/awesome/proxygen,proxygen,https://github.com/facebook/proxygen
data/awesome/psi4,psi4,https://github.com/psi4/psi4
data/awesome/pspsdk,pspsdk,https://github.com/pspdev/pspsdk
data/awesome/pybind11,pybind11,https://github.com/pybind/pybind11
data/awesome/python,python,https://github.com/boostorg/python
data/awesome/pytorch,pytorch,https://github.com/pytorch/pytorch
data/awesome/qdjango,qdjango,https://github.com/jlaine/qdjango
data/awesome/qjson,qjson,https://github.com/flavio/qjson
data/awesome/qpp,qpp,https://github.com/vsoftco/qpp
data/awesome/QtAV,QtAV,https://github.com/wang-bin/QtAV
data/awesome/quakeforge,quakeforge,https://github.com/quakeforge/quakeforge
data/awesome/quantlib,quantlib,https://github.com/lballabio/quantlib
data/awesome/quantum,quantum,https://github.com/bloomberg/quantum
data/awesome/quill,quill,https://github.com/odygrd/quill
data/awesome/RakNet,RakNet,https://github.com/OculusVR/RakNet
data/awesome/rapidfuzz-cpp,rapidfuzz-cpp,https://github.com/rapidfuzz/rapidfuzz-cpp
data/awesome/rapidgzip,rapidgzip,https://github.com/mxmlnkn/rapidgzip
data/awesome/rapidjson,rapidjson,https://github.com/miloyip/rapidjson
data/awesome/rapidyaml,rapidyaml,https://github.com/biojppm/rapidyaml
data/awesome/re2,re2,https://github.com/google/re2
data/awesome/readerwriterqueue,readerwriterqueue,https://github.com/cameron314/readerwriterqueue
data/awesome/reaktoro,reaktoro,https://github.com/reaktoro/reaktoro
data/awesome/recastnavigation,recastnavigation,https://github.com/recastnavigation/recastnavigation
data/awesome/reckless,reckless,https://github.com/mattiasflodin/reckless
data/awesome/Recommender,Recommender,https://github.com/GHamrouni/Recommender
data/awesome/redis3m,redis3m,https://github.com/luca3m/redis3m
data/awesome/redpanda,redpanda,https://github.com/redpanda-data/redpanda
data/awesome/reflect-cpp,reflect-cpp,https://github.com/getml/reflect-cpp
data/awesome/Refureku,Refureku,https://github.com/jsoysouvanh/Refureku
data/awesome/reindexer,reindexer,https://github.com/Restream/reindexer
data/awesome/replxx,replxx,https://github.com/AmokHuginnsson/replxx
data/awesome/restbed,restbed,https://github.com/corvusoft/restbed
data/awesome/restclient-cpp,restclient-cpp,https://github.com/mrtazz/restclient-cpp
data/awesome/restinio,restinio,https://github.com/Stiffstream/restinio
data/awesome/retter,retter,https://github.com/MaciejCzyzewski/retter
data/awesome/ring-span-lite,ring-span-lite,https://github.com/martinmoene/ring-span-lite
data/awesome/rnnlib,rnnlib,https://github.com/szcom/rnnlib
data/awesome/robin-hood-hashing,robin-hood-hashing,https://github.com/martinus/robin-hood-hashing
data/awesome/robin-map,robin-map,https://github.com/Tessil/robin-map
data/awesome/rpclib,rpclib,https://github.com/rpclib/rpclib
data/awesome/rpp,rpp,https://github.com/TheNumbat/rpp
data/awesome/rttr,rttr,https://github.com/rttrorg/rttr
data/awesome/ruckig,ruckig,https://github.com/pantor/ruckig
data/awesome/s2n,s2n,https://github.com/awslabs/s2n
data/awesome/sail,sail,https://github.com/happy-sea-fox/sail
data/awesome/sajson,sajson,https://github.com/chadaustin/sajson
data/awesome/sccache,sccache,https://github.com/mozilla/sccache
data/awesome/scnlib,scnlib,https://github.com/eliaskosunen/scnlib
data/awesome/SDL,SDL,https://github.com/libsdl-org/SDL
data/awesome/sds,sds,https://github.com/antirez/sds
data/awesome/seams-core,seams-core,https://github.com/d-SEAMS/seams-core
data/awesome/seasocks,seasocks,https://github.com/mattgodbolt/seasocks
data/awesome/seastar,seastar,https://github.com/scylladb/seastar
data/awesome/sela,sela,https://github.com/sahaRatul/sela
data/awesome/semver.c,semver.c,https://github.com/h2non/semver.c
data/awesome/serial,serial,https://github.com/wjwwood/serial
data/awesome/serialization,serialization,https://github.com/boostorg/serialization
data/awesome/SFML,SFML,https://github.com/SFML/SFML
data/awesome/sha1collisiondetection,sha1collisiondetection,https://github.com/cr-marcstevens/sha1collisiondetection
data/awesome/shogun,shogun,https://github.com/shogun-toolbox/shogun
data/awesome/signals2,signals2,https://github.com/boostorg/signals2
data/awesome/simbody,simbody,https://github.com/simbody/simbody
data/awesome/Simd,Simd,https://github.com/ermig1979/Simd
data/awesome/simdjson,simdjson,https://github.com/lemire/simdjson
data/awesome/simdutf,simdutf,https://github.com/simdutf/simdutf
data/awesome/simple-binary-encoding,simple-binary-encoding,https://github.com/real-logic/simple-binary-encoding
data/awesome/simple_enum,simple_enum,https://github.com/arturbac/simple_enum
data/awesome/simpleini,simpleini,https://github.com/brofield/simpleini
data/awesome/simple-rpc-cpp,simple-rpc-cpp,https://github.com/pearu/simple-rpc-cpp
data/awesome/SimSIMD,SimSIMD,https://github.com/ashvardanian/SimSIMD
data/awesome/skia,skia,https://github.com/google/skia
data/awesome/slint,slint,https://github.com/slint-ui/slint
data/awesome/smaz,smaz,https://github.com/antirez/smaz
data/awesome/snitch,snitch,https://github.com/cschreib/snitch
data/awesome/snmalloc,snmalloc,https://github.com/microsoft/snmalloc
data/awesome/sobjectizer,sobjectizer,https://github.com/Stiffstream/sobjectizer
data/awesome/soci,soci,https://github.com/SOCI/soci
data/awesome/sofa,sofa,https://github.com/sofa-framework/sofa
data/awesome/sol2,sol2,https://github.com/ThePhD/sol2
data/awesome/sonic-cpp,sonic-cpp,https://github.com/bytedance/sonic-cpp
data/awesome/sparsepp,sparsepp,https://github.com/greg7mdp/sparsepp
data/awesome/spdlog,spdlog,https://github.com/gabime/spdlog
data/awesome/speedb,speedb,https://github.com/speedb-io/speedb
data/awesome/sphinx,sphinx,https://github.com/sphinx-doc/sphinx
data/awesome/spring,spring,https://github.com/spring/spring
data/awesome/SQLiteCpp,SQLiteCpp,https://github.com/SRombauts/SQLiteCpp
data/awesome/sqlite_modern_cpp,sqlite_modern_cpp,https://github.com/SqliteModernCpp/sqlite_modern_cpp
data/awesome/sqlite_orm,sqlite_orm,https://github.com/fnc12/sqlite_orm
data/awesome/sqlpp11,sqlpp11,https://github.com/rbock/sqlpp11
data/awesome/sregex,sregex,https://github.com/openresty/sregex
data/awesome/srpc,srpc,https://github.com/sogou/srpc
data/awesome/ssp,ssp,https://github.com/red0124/ssp
data/awesome/Stage,Stage,https://github.com/rtv/Stage
data/awesome/stb,stb,https://github.com/nothings/stb
data/awesome/stdgpu,stdgpu,https://github.com/stotko/stdgpu
data/awesome/stdman,stdman,https://github.com/jeaye/stdman
data/awesome/StringZilla,StringZilla,https://github.com/ashvardanian/StringZilla
data/awesome/st_tree,st_tree,https://github.com/erikerlandson/st_tree
data/awesome/svector,svector,https://github.com/martinus/svector
data/awesome/swift-corelibs-libdispatch,swift-corelibs-libdispatch,https://github.com/apple/swift-corelibs-libdispatch
data/awesome/swig,swig,https://github.com/swig/swig
data/awesome/symengine,symengine,https://github.com/symengine/symengine
data/awesome/tabulate,tabulate,https://github.com/p-ranav/tabulate
data/awesome/taglib,taglib,https://github.com/taglib/taglib
data/awesome/taskflow,taskflow,https://github.com/taskflow/taskflow
data/awesome/tbox,tbox,https://github.com/tboox/tbox
data/awesome/tcmalloc,tcmalloc,https://github.com/google/tcmalloc
data/awesome/termbox,termbox,https://github.com/nsf/termbox
data/awesome/TermOx,TermOx,https://github.com/a-n-t-h-o-n-y/TermOx
data/awesome/test,test,https://github.com/boostorg/test
data/awesome/tgc,tgc,https://github.com/orangeduck/tgc
data/awesome/TGUI,TGUI,https://github.com/texus/TGUI
data/awesome/themis,themis,https://github.com/cossacklabs/themis
data/awesome/thorvg,thorvg,https://github.com/thorvg/thorvg
data/awesome/ticpp,ticpp,https://github.com/rjpcomputing/ticpp
data/awesome/tigerbeetle-cpp,tigerbeetle-cpp,https://github.com/kassane/tigerbeetle-cpp
data/awesome/TileDB,TileDB,https://github.com/TileDB-Inc/TileDB
data/awesome/tink,tink,https://github.com/google/tink
data/awesome/tiny-AES-c,tiny-AES-c,https://github.com/kokke/tiny-AES-c
data/awesome/tinydng,tinydng,https://github.com/syoyo/tinydng
data/awesome/tiny-dnn,tiny-dnn,https://github.com/tiny-dnn/tiny-dnn
data/awesome/TinyEXIF,TinyEXIF,https://github.com/cdcseacave/TinyEXIF
data/awesome/tinyexpr,tinyexpr,https://github.com/codeplea/tinyexpr
data/awesome/TinyORM,TinyORM,https://github.com/silverqx/TinyORM
data/awesome/tinyspline,tinyspline,https://github.com/msteinbeck/tinyspline
data/awesome/TinyTIFF,TinyTIFF,https://github.com/jkriege2/TinyTIFF
data/awesome/tinyvm,tinyvm,https://github.com/jakogut/tinyvm
data/awesome/tinyxml2,tinyxml2,https://github.com/leethomason/tinyxml2
data/awesome/tlse,tlse,https://github.com/eduardsui/tlse
data/awesome/toml11,toml11,https://github.com/ToruNiina/toml11
data/awesome/tomlplusplus,tomlplusplus,https://github.com/marzer/tomlplusplus
data/awesome/torch7,torch7,https://github.com/torch/torch7
data/awesome/Torque2D,Torque2D,https://github.com/TorqueGameEngines/Torque2D
data/awesome/Torque3D,Torque3D,https://github.com/TorqueGameEngines/Torque3D
data/awesome/toy,toy,https://github.com/hugoam/toy
data/awesome/tquic,tquic,https://github.com/tencent/tquic
data/awesome/transwarp,transwarp,https://github.com/bloomen/transwarp
data/awesome/tree.hh,tree.hh,https://github.com/kpeeters/tree.hh
data/awesome/Trilinos,Trilinos,https://github.com/trilinos/Trilinos
data/awesome/trytouca,trytouca,https://github.com/trytouca/trytouca
data/awesome/tsmp,tsmp,https://github.com/fabian-jung/tsmp
data/awesome/tufao,tufao,https://github.com/vinipsmaker/tufao
data/awesome/tundra,tundra,https://github.com/deplinenoise/tundra
data/awesome/txiki.js,txiki.js,https://github.com/saghul/txiki.js
data/awesome/ucall,ucall,https://github.com/unum-cloud/ucall
data/awesome/ultrajson,ultrajson,https://github.com/ultrajson/ultrajson
data/awesome/uncrustify,uncrustify,https://github.com/uncrustify/uncrustify
data/awesome/uni-algo,uni-algo,https://github.com/uni-algo/uni-algo
data/awesome/unittest-cpp,unittest-cpp,https://github.com/unittest-cpp/unittest-cpp
data/awesome/Unity,Unity,https://github.com/ThrowTheSwitch/Unity
data/awesome/universal,universal,https://github.com/stillwater-sc/universal
data/awesome/unordered_dense,unordered_dense,https://github.com/martinus/unordered_dense
data/awesome/unqlite,unqlite,https://github.com/symisc/unqlite
data/awesome/Urho3D,Urho3D,https://github.com/urho3d/Urho3D
data/awesome/uri,uri,https://github.com/cpp-netlib/uri
data/awesome/uriparser,uriparser,https://github.com/uriparser/uriparser
data/awesome/usearch,usearch,https://github.com/unum-cloud/usearch
data/awesome/ustore,ustore,https://github.com/unum-cloud/ustore
data/awesome/ut,ut,https://github.com/boost-experimental/ut
data/awesome/utest.h,utest.h,https://github.com/sheredom/utest.h
data/awesome/utf8proc,utf8proc,https://github.com/JuliaStrings/utf8proc
data/awesome/uvw,uvw,https://github.com/skypjack/uvw
data/awesome/uWebSockets,uWebSockets,https://github.com/uNetworking/uWebSockets
data/awesome/v7,v7,https://github.com/cesanta/v7
data/awesome/v8pp,v8pp,https://github.com/pmed/v8pp
data/awesome/vartypes,vartypes,https://github.com/szi/vartypes
data/awesome/Vc,Vc,https://github.com/VcDevel/Vc
data/awesome/vcflib,vcflib,https://github.com/ekg/vcflib
data/awesome/vcpkg,vcpkg,https://github.com/microsoft/vcpkg
data/awesome/veles,veles,https://github.com/Samsung/veles
data/awesome/velox,velox,https://github.com/facebookincubator/velox
data/awesome/verovio,verovio,https://github.com/rism-ch/verovio
data/awesome/vexcl,vexcl,https://github.com/ddemidov/vexcl
data/awesome/vigra,vigra,https://github.com/ukoethe/vigra
data/awesome/vireo,vireo,https://github.com/twitter/vireo
data/awesome/vlfeat,vlfeat,https://github.com/vlfeat/vlfeat
data/awesome/vpp,vpp,https://github.com/matt-42/vpp
data/awesome/WAFer,WAFer,https://github.com/riolet/WAFer
data/awesome/wagyu,wagyu,https://github.com/mapbox/wagyu
data/awesome/wangle,wangle,https://github.com/facebook/wangle
data/awesome/wav2letter,wav2letter,https://github.com/facebookresearch/wav2letter
data/awesome/wavelib,wavelib,https://github.com/rafat/wavelib
data/awesome/wdt,wdt,https://github.com/facebook/wdt
data/awesome/websocketpp,websocketpp,https://github.com/zaphoyd/websocketpp
data/awesome/wfrest,wfrest,https://github.com/wfrest/wfrest
data/awesome/wham,wham,https://github.com/zeeev/wham
data/awesome/wildcards,wildcards,https://github.com/zemasoft/wildcards
data/awesome/workflow,workflow,https://github.com/sogou/workflow
data/awesome/xalan-c,xalan-c,https://github.com/apache/xalan-c
data/awesome/xlsxio,xlsxio,https://github.com/brechtsanders/xlsxio
data/awesome/xray-16,xray-16,https://github.com/OpenXRay/xray-16
data/awesome/xtensor,xtensor,https://github.com/xtensor-stack/xtensor
data/awesome/yajl,yajl,https://github.com/lloyd/yajl
data/awesome/yaml-cpp,yaml-cpp,https://github.com/jbeder/yaml-cpp
data/awesome/yarp,yarp,https://github.com/robotology/yarp
data/awesome/yocto-gl,yocto-gl,https://github.com/xelatihy/yocto-gl
data/awesome/yomm11,yomm11,https://github.com/nothings/single_file_libs
data/awesome/yomm2,yomm2,https://github.com/jll63/yomm2
data/awesome/yue,yue,https://github.com/yue/yue
data/awesome/yyjson,yyjson,https://github.com/ibireme/yyjson
data/awesome/zlib-ng,zlib-ng,https://github.com/zlib-ng/zlib-ng
data/awesome/zstd,zstd,https://github.com/facebook/zstd
